gene_name,control_avg,control_n,disease_avg,disease_n,difference,fold_change,fold_change_rank
CDK2,9.8,1,42.95,2,33.15,4.38265306122449,1
KRAS,10.2,1,40.6,2,30.4,3.98039215686275,2
TP53,12.4,1,48.55,2,36.15,3.91532258064516,3
AKT1,16.2,1,50.35,2,34.15,3.10802469135802,4
MYC,20.1,1,59.5,2,39.4,2.96019900497512,5
VEGFA,18.6,1,50.6,2,32.0,2.72043010752688,6
BRAF,11.5,1,30.55,2,19.05,2.65652173913043,7
BRCA1,15.7,1,20.6,2,4.9,1.31210191082803,8
PTEN,14.3,1,8.55,2,-5.75,0.597902097902098,9
